{
  "numTotalTestSuites": 1,
  "numTotalTests": 1,
  "testResults": {
    "": [
      {
        "name": "extract big theme",
        "rank": 1,
        "rme": 3.0078012634408275,
        "samples": [
          121.88462495803833,
          122.99620807170868,
          123.2676659822464,
          124.09987497329712,
          124.4132080078125,
          124.57074999809265,
          125.0992500782013,
          125.2916669845581,
          125.3058329820633,
          125.38995909690857,
          125.4186669588089,
          125.60874998569489,
          125.61650002002716,
          125.70045900344849,
          125.81237494945526,
          125.96108305454254,
          126.05274999141693,
          126.09083390235901,
          126.26062500476837,
          126.29970908164978,
          126.43495798110962,
          126.59533298015594,
          126.71924996376038,
          127.06700003147125,
          127.24366700649261,
          127.41558301448822,
          127.5870829820633,
          127.59854197502136,
          128.26091694831848,
          129.18558394908905,
          129.8290410041809,
          130.94237506389618,
          131.40474998950958,
          131.4840840101242,
          132.0737920999527,
          132.74137496948242,
          133.140625,
          135.17575001716614,
          135.58033299446106,
          137.8322080373764,
          138.38408303260803,
          139.80212497711182,
          142.38720798492432,
          143.20120799541473,
          147.5981249809265,
          151.39974999427795,
          153.55070805549622,
          160.71170890331268,
          185.41979205608368,
          190.57587504386902
        ],
        "totalTime": 6658.483626127243,
        "min": 121.88462495803833,
        "max": 190.57587504386902,
        "hz": 7.509217234357212,
        "period": 133.16967252254486,
        "mean": 133.16967252254486,
        "variance": 198.51823506406788,
        "sd": 14.089649926952333,
        "sem": 1.9925774015785076,
        "df": 49,
        "critical": 2.0102,
        "moe": 4.0054790926531165,
        "p75": 135.17575001716614,
        "p99": 190.57587504386902,
        "p995": 190.57587504386902,
        "p999": 190.57587504386902
      }
    ]
  }
}