{
  "numTotalTestSuites": 1,
  "numTotalTests": 1,
  "testResults": {
    "": [
      {
        "name": "extract big theme",
        "rank": 1,
        "rme": 1.3940912912053511,
        "samples": [
          162.54112493991852,
          162.7873330116272,
          163.2378749847412,
          163.43066704273224,
          163.5057499408722,
          163.64129102230072,
          163.64462506771088,
          163.96212494373322,
          164.04270803928375,
          164.33762502670288,
          164.57337498664856,
          164.5925840139389,
          164.60799992084503,
          164.9415420293808,
          165.41858291625977,
          165.44379103183746,
          165.7442089319229,
          165.7569580078125,
          165.85008299350739,
          166.27966594696045,
          166.51770794391632,
          167.1206250190735,
          167.14054095745087,
          167.1921249628067,
          167.241583943367,
          167.2618750333786,
          167.42666709423065,
          167.44274997711182,
          167.83379101753235,
          168.3897500038147,
          168.6907080411911,
          168.8507500886917,
          169.256334066391,
          169.6033329963684,
          169.74095904827118,
          169.92958307266235,
          170.30308401584625,
          170.32066702842712,
          171.634290933609,
          172.3240419626236,
          172.98541700839996,
          173.18179190158844,
          173.47883307933807,
          173.8249590396881,
          174.51345801353455,
          175.91791605949402,
          177.36587500572205,
          190.48604106903076,
          193.48679196834564,
          207.77787506580353
        ],
        "totalTime": 8475.580040216446,
        "min": 162.54112493991852,
        "max": 207.77787506580353,
        "hz": 5.899301258763539,
        "period": 169.5116008043289,
        "mean": 169.5116008043289,
        "variance": 69.0991564871085,
        "sd": 8.312590239336263,
        "sem": 1.1755777854919556,
        "df": 49,
        "critical": 2.0102,
        "moe": 2.3631464643959292,
        "p75": 170.32066702842712,
        "p99": 207.77787506580353,
        "p995": 207.77787506580353,
        "p999": 207.77787506580353
      }
    ]
  }
}